Master Float,~
L Chevy 12,~
Lt. Tesla,~
Crystal Gray,+
Dream Eater Gengar,&
Neo Soul,~
Sam Crowe,%
Not Orangejuice,%
NTGs,$
Alpha Ninja,@
imp latios,$
yunG Sensory,+
Tylacto,+
TheAce22,+
Imp Fallen Blood,%
Void Chrono,$
sparkychild,&
SWL Eric,+
Alliance - Contort,+
TheWeezingBro,+
Sandman619,+
Hm Volco,+
Vileman,+
FranchescoEnzo,$
Yellow-chan,%
Velveteen Rabbit,@
zarel,%
Void Cryptis,@
Steelchar,%
Chief Sokka,@
Void Naten,~
GTXâ™…Stantler,+
fender,~
LoD Vanitas,+
Erica*07,&
Irraquated,@
CreaturePhil,%
CrazyClown94,+
Safety Shark,+
RUBY D',%
Allegiant Gryph,%
panpawn,+
i'm sora,%
BurningBlazer,+
Piers Nivans,%
Linksage,$
Axews,$
Royal Guard Chime,%
